{
  "n": 897,
  "basic_stats": {
    "mean": 513.5551839464883,
    "median": 523.0,
    "std": 288.9463647368433
  },
  "ultimo_digito": {
    "frecuencias": {
      "0": 86,
      "1": 84,
      "2": 97,
      "3": 84,
      "4": 91,
      "5": 91,
      "6": 87,
      "7": 98,
      "8": 89,
      "9": 90
    },
    "porcentajes": {
      "0": 9.588,
      "1": 9.365,
      "2": 10.814,
      "3": 9.365,
      "4": 10.145,
      "5": 10.145,
      "6": 9.699,
      "7": 10.925,
      "8": 9.922,
      "9": 10.033
    },
    "calientes": [],
    "frios": []
  },
  "paridad": {
    "0": 450,
    "1": 447
  },
  "signos": {
    "ESC": 90,
    "VIR": 90,
    "GEM": 85,
    "ARI": 82,
    "LEO": 80,
    "CAP": 78,
    "LIB": 76,
    "CAN": 72,
    "SAG": 68,
    "ACU": 62,
    "TAU": 61,
    "PIC": 53
  },
  "corr_with_numero": {
    "numero": 1.0,
    "suma_digitos": 0.6272095833469664,
    "ultimo_digito": 0.04615394755708737,
    "mes": 0.011914160722306224,
    "dias_desde_inicio": 0.006656630199918534,
    "hora_num": 0.002720687433465798,
    "dia_semana": -0.018717394415133225
  },
  "chi2_uniform": {
    "chi2": 26.411371237458194,
    "p": 0.11912883573110795,
    "uniforme": "True"
  },
  "kruskal_hora": {
    "h": 1.6315920330710032,
    "p": 0.4422871193378114,
    "significativo": "False"
  },
  "acf": [
    1.0,
    -0.022497134806661823,
    -0.002710590041978055,
    0.012613625526023518,
    -0.00821695507081972,
    0.020752127205577234,
    -0.021222769313378798,
    -0.04108655419657899,
    -0.017930438417193283,
    -0.003670282849244421,
    -0.044671499454733164,
    -0.05899698007163297,
    -0.021169737666748404,
    -0.023009379295407868,
    -0.0019014168430352013,
    0.0422936347531546,
    -0.032459562478819114,
    0.00840517276404832,
    0.09337426451033878,
    0.042394350655949466,
    0.05242266433467575
  ],
  "runs_test": {
    "stat": 1.3094689136515034,
    "p": 0.19037556116561472,
    "aleatorio": "True"
  }
}