{
  "n": 897,
  "range": [
    7,
    9994
  ],
  "basic_stats": {
    "mean": 4852.608695652174,
    "median": 4607.0,
    "std": 2871.5643481237494
  },
  "normality": {
    "method": "shapiro",
    "stat": 0.9527961164989407,
    "p": 2.2865345088777637e-16,
    "normal": "False"
  },
  "chi2_uniform": {
    "chi2": 31.673355629877367,
    "p": 0.03400514572617383,
    "uniforme": "False"
  },
  "ultimo_digito": {
    "frecuencias": {
      "0": 95,
      "1": 81,
      "2": 87,
      "3": 97,
      "4": 95,
      "5": 96,
      "6": 84,
      "7": 95,
      "8": 78,
      "9": 89
    },
    "porcentajes": {
      "0": 10.591,
      "1": 9.03,
      "2": 9.699,
      "3": 10.814,
      "4": 10.591,
      "5": 10.702,
      "6": 9.365,
      "7": 10.591,
      "8": 8.696,
      "9": 9.922
    },
    "calientes": [],
    "frios": [
      8
    ]
  },
  "paridad": {
    "1": 458,
    "0": 439
  },
  "corr_with_numero": {
    "numero": 1.0,
    "suma_digitos": 0.5794578818613795,
    "ultimo_digito": 0.05461398968490398,
    "hora_num": 0.02844691668055508,
    "mes": -0.002583050580486088,
    "dias_desde_inicio": -0.005973825700751494,
    "dia_semana": -0.01886682927706315
  },
  "kruskal_hora": {
    "h": 3.4815923317279296,
    "p": 0.17538071288027876,
    "significativo": "False"
  },
  "acf": [
    1.0,
    -0.005850272586206105,
    -0.024433089541432213,
    -0.06752107417818551,
    0.03973487973432828,
    0.01689071382891858,
    0.030394020722422036,
    0.019175612927892608,
    -0.003410902419780454,
    0.008306684376473774,
    -0.018668209864129044,
    0.05082449602441324,
    -0.0169797420409337,
    -0.030922717805326124,
    -0.027523320450390514,
    0.0004750178269692124,
    0.005051662848979699,
    0.013098279766112898,
    0.0016095046210411739,
    0.04641375234685765,
    0.06667585865409853
  ],
  "runs_test": {
    "stat": -0.28599898153470144,
    "p": 0.7748789016080948,
    "aleatorio": "True"
  }
}